veehouderijIdentificatie;naamOverheid;veehouderijAdres;veehouderijDatumVergunning;stalIdentificatie;stalLengte;stalBreedte;stalHoogte;stalOrientatie;stalIdentificatiePandBAG;stalX;stalY;bronIdentificatie;bronHoogte;bronDiameter;bronUittreesnelheid;bronX;bronY;huisvestingssysteem;aanvullendeTechniek;aantalDieren;emissiefactorPM10;reductiefactorPM10;eigenFactorToelichting;opmerking;tijdstipRegistratie
37;naamOverheid;ADRES;1-1-1990;756;81.6;61.1;4.6;117;stalIdentificatiePandBAG;166755;459495;815;8.0;0.85;4.0;166742;459499;E2.11.2.2;Overig;22000;65;0.45;"strooiselschuiven en warmtewisselaar 31%; samen 45% reductie";opmerking;2022-01-13T03:17:09.452Z
37;naamOverheid;ADRES;1-1-1990;3480;81.6;61.1;4.6;117;stalIdentificatiePandBAG;166755;459495;3707;6.9;0.84;6.9;166772;459489;E2.11.2.2;Overig;31500;65;0.45;strooiselschuiven en warmtewisselaar 31%, SAMEN 45%;opmerking;2022-01-13T03:17:09.452Z
37;naamOverheid;ADRES;1-1-1990;4128;34.9;20.9;4.8;117;stalIdentificatiePandBAG;166822;459551;4503;7.7;0.5;4.0;166822;459551;A4.100;;320;33;;;opmerking;2022-01-13T03:17:09.452Z
37;naamOverheid;ADRES;1-1-1990;4129;48.6;17.65;4.8;117;stalIdentificatiePandBAG;166812;459526;4504;7.7;0.5;4.0;166812;459526;A4.100;;320;33;;;opmerking;2022-01-13T03:17:09.452Z
37;naamOverheid;ADRES;1-1-1990;4130;48.6;17.85;4.8;117;stalIdentificatiePandBAG;166800;459510;4505;7.7;0.5;4.0;166800;459510;A4.100;;320;33;;;opmerking;2022-01-13T03:17:09.452Z
44;naamOverheid;ADRES;1-1-1990;777;61.0;37.0;6.6;14;stalIdentificatiePandBAG;164109;458542;837;10.0;0.5;0.4;164109;458542;A1.100.1;;161;118;;;opmerking;2022-01-13T03:17:09.555Z
44;naamOverheid;ADRES;1-1-1990;778;43.0;16.0;4.5;14;stalIdentificatiePandBAG;164127;458509;838;6.0;0.5;0.4;164127;458509;A3.100;;148;38;;;opmerking;2022-01-13T03:17:09.555Z
44;naamOverheid;ADRES;1-1-1990;4131;75.3;32.3;5.2;173;stalIdentificatiePandBAG;164182;458593;4506;8.0;3.99;1.87;164212;458580;E2.11.1;E7.6;35000;65;0.31;;opmerking;2022-01-13T03:17:09.555Z
44;naamOverheid;ADRES;1-1-1990;4132;70.0;18.5;4.5;173;stalIdentificatiePandBAG;164183;458552;4507;3.0;3.39;0.4;164214;458560;E5.14;;20000;22;;;opmerking;2022-01-13T03:17:09.555Z
255;naamOverheid;ADRES;1-1-1990;1620;190.0;25.0;3.6;95;stalIdentificatiePandBAG;165929;459962;1708;1.5;2.25;5.0;165929;459962;E1.5.2;;31000;2;;;opmerking;2022-01-13T03:17:09.559Z
255;naamOverheid;ADRES;1-1-1990;1621;190.0;40.0;3.8;95;stalIdentificatiePandBAG;165949;459961;1709;1.5;4.12;7.8;165949;459961;E2.5.5;;55000;23;;;opmerking;2022-01-13T03:17:09.559Z
255;naamOverheid;ADRES;1-1-1990;1622;45.0;24.0;7.4;45;stalIdentificatiePandBAG;166025;459968;1710;1.5;0.5;0.4;166025;459968;A1.100.2;;160;148;;;opmerking;2022-01-13T03:17:09.559Z
265;naamOverheid;ADRES;1-1-1990;1662;135.33;17.1;4.87;167;stalIdentificatiePandBAG;170519;461069;2872;4.52;0.95;0.4;170558;461063;E2.11.2.1;;55000;65;;;opmerking;2022-01-13T03:17:09.651Z
265;naamOverheid;ADRES;1-1-1990;1663;35.0;30.0;3.5;76;stalIdentificatiePandBAG;170473;461021;1753;5.5;0.5;4.0;170473;461021;A4.100;;150;33;;;opmerking;2022-01-13T03:17:09.651Z
370;naamOverheid;ADRES;1-1-1990;1969;98.5;27.8;7.01;171;stalIdentificatiePandBAG;172590;462201;2072;6.0;5.86;0.4;172639;462193;E2.11.2.1;;69228;65;;;opmerking;2022-01-13T03:17:09.655Z
370;naamOverheid;ADRES;1-1-1990;1970;109.16;40.8;6.35;81;stalIdentificatiePandBAG;172590;462201;2073;11.2;2.26;1.27;172685;462214;D3.2.7.2.1;;3978;153;;;opmerking;2022-01-13T03:17:09.655Z
434;naamOverheid;ADRES;1-1-1990;7292;93.4;21.4;6.1;106;stalIdentificatiePandBAG;170361;462242;8055;6.8;2.47;4.0;170346;462267;E1.14;E7.6;44720;30;0.31;;opmerking;2022-01-13T03:17:09.657Z
434;naamOverheid;ADRES;1-1-1990;7293;86.6;38.8;7.7;16;stalIdentificatiePandBAG;170446;462256;8056;5.6;3.5;4.0;170467;462245;E2.11.2.1;Overig;42000;65;0.3;combinatie van strooiselschuiven (E 7.10, 20%) en warmtewisselaar (E 7.7, 13%);opmerking;2022-01-13T03:17:09.657Z
434;naamOverheid;ADRES;1-1-1990;7293;86.6;38.8;7.7;16;stalIdentificatiePandBAG;170446;462256;8057;5.6;3.5;4.0;170458;462276;E2.11.2.1;Overig;42000;65;0.3;Combinatie van strooiselschuiven (E 7.10, 20%) en warmtewisselaar (E 7.7, 13%);opmerking;2022-01-13T03:17:09.657Z
434;naamOverheid;ADRES;1-1-1990;7294;86.6;32.6;7.0;16;stalIdentificatiePandBAG;170428;462299;8058;8.3;4.39;0.4;170450;462305;E2.12.1;;42000;84;;;opmerking;2022-01-13T03:17:09.657Z
646;naamOverheid;ADRES;1-1-1990;2658;124.0;42.31;5.3;173;stalIdentificatiePandBAG;166580;463579;2794;7.4;0.5;4.0;166585;463593;E2.11.2.1;;29500;65;;;opmerking;2022-01-13T03:17:09.660Z
646;naamOverheid;ADRES;1-1-1990;2658;124.0;42.31;5.3;173;stalIdentificatiePandBAG;166580;463579;3711;7.4;0.5;4.0;166582;463572;E2.11.2.1;;29500;65;;;opmerking;2022-01-13T03:17:09.660Z
646;naamOverheid;ADRES;1-1-1990;2659;56.0;11.0;5.5;172;stalIdentificatiePandBAG;166542;463560;2795;6.0;0.5;0.4;166542;463560;D3.3.1;;590;153;;;opmerking;2022-01-13T03:17:09.660Z
646;naamOverheid;ADRES;1-1-1990;2660;78.0;78.0;5.2;45;stalIdentificatiePandBAG;166577;463440;2796;9.0;0.5;0.4;166577;463440;E2.11.3;E6.4.2;30000;65;0.55;;opmerking;2022-01-13T03:17:09.660Z
647;naamOverheid;ADRES;1-1-1990;2661;65.0;17.0;4.4;155;stalIdentificatiePandBAG;166053;460079;2797;7.0;0.5;0.4;166036;460073;E2.5.6;;43000;23;;;opmerking;2022-01-13T03:17:09.663Z
649;naamOverheid;ADRES;1-1-1990;2682;61.0;42.6;3.7;146;stalIdentificatiePandBAG;166552;458793;2827;2.0;0.5;0.4;166536;458823;E2.11.1;;12900;65;;;opmerking;2022-01-13T03:17:09.749Z
649;naamOverheid;ADRES;1-1-1990;2682;61.0;42.6;3.7;146;stalIdentificatiePandBAG;166552;458793;3508;2.0;0.5;0.4;166527;458810;E2.11.1;;13100;65;;;opmerking;2022-01-13T03:17:09.749Z
649;naamOverheid;ADRES;1-1-1990;2682;61.0;42.6;3.7;146;stalIdentificatiePandBAG;166552;458793;3509;2.0;0.5;0.4;166520;458798;E2.11.1;;13000;65;;;opmerking;2022-01-13T03:17:09.749Z
654;naamOverheid;ADRES;1-1-1990;2709;110.0;21.41;5.6;126;stalIdentificatiePandBAG;166396;459198;2857;7.55;3.54;1.95;166418;459143;E2.11.1;E6.4.2;28900;65;0.55;;opmerking;2022-01-13T03:17:09.754Z
654;naamOverheid;ADRES;1-1-1990;2714;117.0;21.41;5.6;126;stalIdentificatiePandBAG;166367;459179;2860;7.6;3.0;2.73;166409;459135;E2.11.1;E6.4.2;28900;65;0.55;;opmerking;2022-01-13T03:17:09.754Z
654;naamOverheid;ADRES;1-1-1990;3478;123.0;21.41;5.6;126;stalIdentificatiePandBAG;166418;459205;3704;8.0;1.59;9.65;166458;459166;A1.6.1;;3;118;;;opmerking;2022-01-13T03:17:09.754Z
654;naamOverheid;ADRES;1-1-1990;3478;123.0;21.41;5.6;126;stalIdentificatiePandBAG;166418;459205;4588;8.0;2.56;3.73;166449;459167;E2.11.2.2;E6.4.2;28900;65;0.55;;opmerking;2022-01-13T03:17:09.754Z
986;naamOverheid;ADRES;1-1-1990;4445;95.3;21.9;3.8;102;stalIdentificatiePandBAG;177155;462538;4840;5.0;2.39;1.78;177125;462490;E2.11.1;E7.10;12000;65;0.2;;opmerking;2022-01-13T03:17:09.757Z
986;naamOverheid;ADRES;1-1-1990;4446;53.2;27.7;4.6;102;stalIdentificatiePandBAG;177150;462571;4841;7.0;0.82;4.0;177150;462571;A4.100;;680;33;;;opmerking;2022-01-13T03:17:09.757Z
989;naamOverheid;ADRES;1-1-1990;4453;67.0;25.0;4.3;117;stalIdentificatiePandBAG;174944;460935;4849;6.2;0.5;4.0;174943;460936;E2.11.2.1;;12000;65;;;opmerking;2022-01-13T03:17:09.759Z
989;naamOverheid;ADRES;1-1-1990;4454;67.2;22.6;5.2;117;stalIdentificatiePandBAG;174979;460953;4850;7.2;0.5;0.4;174979;460953;A4.100;;724;33;;;opmerking;2022-01-13T03:17:09.759Z
999;naamOverheid;ADRES;1-1-1990;4483;80.0;22.3;4.6;32;stalIdentificatiePandBAG;165636;459618;4879;7.0;0.8;4.0;165639;459622;E2.11.1;E7.10;16000;65;0.2;;opmerking;2022-01-13T03:17:09.762Z
999;naamOverheid;ADRES;1-1-1990;4484;47.1;23.5;3.1;122;stalIdentificatiePandBAG;165564;459659;4881;6.1;0.6;4.0;165557;459655;E2.100;;6000;84;;;opmerking;2022-01-13T03:17:09.762Z
1007;naamOverheid;ADRES;1-1-1990;4506;87.4;15.5;3.6;88;stalIdentificatiePandBAG;171384;461209;4907;5.2;0.5;4.0;171383;461211;D2.100;;10000;180;;;opmerking;2022-01-13T03:17:09.766Z
1047;naamOverheid;ADRES;1-1-1990;4673;65.7;33.1;4.55;95;stalIdentificatiePandBAG;166694;460541;5087;5.9;0.5;0.4;166694;460541;E2.11.1;;28350;65;;;opmerking;2022-01-13T03:17:09.856Z
1051;naamOverheid;ADRES;1-1-1990;4681;73.4;44.3;4.1;93;stalIdentificatiePandBAG;166090;459361;5097;1.35;2.81;0.4;166071;459397;E2.11.1;;16400;65;;;opmerking;2022-01-13T03:17:09.860Z
1051;naamOverheid;ADRES;1-1-1990;4681;73.4;44.3;4.1;93;stalIdentificatiePandBAG;166090;459361;5098;8.0;0.8;4.0;166098;459368;E2.11.3;;20000;65;;;opmerking;2022-01-13T03:17:09.860Z
1053;naamOverheid;ADRES;1-1-1990;4692;44.0;13.0;3.9;45;stalIdentificatiePandBAG;164829;457961;5107;1.5;0.5;0.4;164836;457968;G2.1.100;Overig;2470;84;0.31;Positieve ionisatie d.m.v. koolstofborsteltjes;opmerking;2022-01-13T03:17:09.948Z
1053;naamOverheid;ADRES;1-1-1990;4693;47.3;15.0;4.1;135;stalIdentificatiePandBAG;164868;457927;5108;1.5;0.5;0.4;164883;457910;E2.9.1;E7.15;5100;84;0.31;;opmerking;2022-01-13T03:17:09.948Z
1055;naamOverheid;ADRES;1-1-1990;4694;50.0;20.5;4.5;4;stalIdentificatiePandBAG;171855;462490;5109;2.7;0.96;0.4;171857;462435;E5.11;E7.6;14360;22;0.31;;opmerking;2022-01-13T03:17:09.955Z
1055;naamOverheid;ADRES;1-1-1990;4695;64.0;25.0;6.5;4;stalIdentificatiePandBAG;171870;462450;5110;6.5;1.98;4.0;171852;462420;E5.11;E7.6;22176;22;0.31;;opmerking;2022-01-13T03:17:09.955Z
1057;naamOverheid;ADRES;1-1-1990;4700;113.3;36.5;5.33;160;stalIdentificatiePandBAG;166818;460698;5115;8.9;0.9;4.0;166818;460698;E2.11.2.2;Overig;39682;65;0.44;er zijn strooiselschuiven en een warmtewisselaar (31%) toegepast.;opmerking;2022-01-13T03:17:09.959Z
1068;naamOverheid;ADRES;1-1-1990;4727;80.57;25.6;6.0;7;stalIdentificatiePandBAG;167775;466189;5149;4.5;0.5;0.4;167790;466188;E2.11.2.1;;33200;65;;;opmerking;2022-01-13T03:17:09.963Z
1068;naamOverheid;ADRES;1-1-1990;4728;80.57;11.94;4.0;7;stalIdentificatiePandBAG;167779;466162;5150;5.6;0.5;4.0;167779;466162;E2.11.2.1;;14200;65;;;opmerking;2022-01-13T03:17:09.963Z
1068;naamOverheid;ADRES;1-1-1990;4730;48.94;12.9;4.5;7;stalIdentificatiePandBAG;167765;466141;5152;2.0;0.5;0.4;167789;466144;E2.11.2.1;;9474;65;;;opmerking;2022-01-13T03:17:09.963Z
1068;naamOverheid;ADRES;1-1-1990;4731;72.5;12.5;4.2;7;stalIdentificatiePandBAG;167756;466113;5153;2.0;0.5;0.4;167793;466119;E2.11.2.1;;13200;65;;;opmerking;2022-01-13T03:17:09.963Z
1085;naamOverheid;ADRES;1-1-1990;5126;114.0;15.0;4.3;134;stalIdentificatiePandBAG;177312;461418;5612;4.7;1.04;0.4;177316;461414;E2.11.2.1;;30510;65;;;opmerking;2022-01-13T03:17:10.049Z
1085;naamOverheid;ADRES;1-1-1990;5127;63.9;24.4;7.8;134;stalIdentificatiePandBAG;177274;461416;5613;3.6;4.85;0.4;177294;461395;E2.11.2.1;;44928;65;;;opmerking;2022-01-13T03:17:10.049Z
1085;naamOverheid;ADRES;1-1-1990;5128;43.5;11.0;3.3;47;stalIdentificatiePandBAG;177221;461434;5615;4.4;0.5;0.4;177221;461434;E2.9.1;;3000;84;;;opmerking;2022-01-13T03:17:10.049Z
1086;naamOverheid;ADRES;1-1-1990;4766;64.0;17.5;7.75;179;stalIdentificatiePandBAG;167281;463497;5195;10.0;2.76;1.67;167246;463497;E2.11.2.2;;15000;65;;;opmerking;2022-01-13T03:17:10.053Z
1086;naamOverheid;ADRES;1-1-1990;4767;78.0;17.5;7.33;179;stalIdentificatiePandBAG;167280;463471;5196;10.0;3.2;2.66;167260;463470;E2.11.1;;32000;65;;;opmerking;2022-01-13T03:17:10.053Z
1086;naamOverheid;ADRES;1-1-1990;4768;78.0;25.86;7.18;179;stalIdentificatiePandBAG;167281;463438;5197;10.0;2.53;4.21;167240;463438;E2.11.1;;32000;65;;;opmerking;2022-01-13T03:17:10.053Z
1093;naamOverheid;ADRES;1-1-1990;4789;136.5;45.0;3.4;69;stalIdentificatiePandBAG;166234;461042;5218;5.0;0.83;4.0;166241;461029;E2.11.2.1;E7.10;27500;65;0.2;;opmerking;2022-01-13T03:17:10.056Z
1093;naamOverheid;ADRES;1-1-1990;4789;136.5;45.0;3.4;69;stalIdentificatiePandBAG;166234;461042;5219;5.0;0.83;4.0;166221;461038;E2.11.2.1;E7.10;25000;65;0.2;;opmerking;2022-01-13T03:17:10.056Z
1093;naamOverheid;ADRES;1-1-1990;4790;70.0;14.5;3.68;159;stalIdentificatiePandBAG;166239;461105;5220;1.55;1.8;0.4;166274;461095;E2.11.1;E7.10;15000;65;0.2;;opmerking;2022-01-13T03:17:10.056Z
1095;naamOverheid;ADRES;1-1-1990;5140;90.0;19.269;8.5;33;stalIdentificatiePandBAG;168199;466159;5628;9.63;3.67;7.1;168172;466141;E2.5.6;;59000;23;;;opmerking;2022-01-13T03:17:10.059Z
1095;naamOverheid;ADRES;1-1-1990;5142;69.32;14.0;7.9;33;stalIdentificatiePandBAG;168165;466218;5629;8.0;2.77;7.1;168133;466196;E2.5.6;;30000;23;;;opmerking;2022-01-13T03:17:10.059Z
1095;naamOverheid;ADRES;1-1-1990;5143;69.332;14.0;7.9;33;stalIdentificatiePandBAG;168154;466234;5630;8.0;2.77;7.1;168123;466213;E2.5.6;;30000;23;;;opmerking;2022-01-13T03:17:10.059Z
1095;naamOverheid;ADRES;1-1-1990;5144;70.0;19.3;7.95;33;stalIdentificatiePandBAG;168142;466252;5633;6.9;4.49;0.4;168126;466240;E2.5.5;;58752;23;;;opmerking;2022-01-13T03:17:10.059Z
1095;naamOverheid;ADRES;1-1-1990;5149;84.0;14.0;4.3;32;stalIdentificatiePandBAG;168363;466320;5636;4.33;4.33;0.4;168363;466320;E1.5.2;;60000;2;;;opmerking;2022-01-13T03:17:10.059Z
1098;naamOverheid;ADRES;1-1-1990;4797;83.0;23.0;5.4;140;stalIdentificatiePandBAG;175608;464668;5227;7.75;3.62;1.67;175632;464672;E2.11.2.1;E7.10;25785;65;0.2;;opmerking;2022-01-13T03:17:10.062Z
1098;naamOverheid;ADRES;1-1-1990;4798;93.0;23.0;5.4;130;stalIdentificatiePandBAG;175586;464646;5228;7.0;2.69;0.4;175586;464646;E2.11.2.1;E7.10;29487;65;0.2;;opmerking;2022-01-13T03:17:10.062Z
1101;naamOverheid;ADRES;1-1-1990;4805;88.6;21.9;4.3;91;stalIdentificatiePandBAG;170610;462807;5235;6.6;0.8;4.0;170607;462807;E2.11.2.2;E7.10;13326;65;0.2;;opmerking;2022-01-13T03:17:10.148Z
1101;naamOverheid;ADRES;1-1-1990;4806;88.6;36.0;6.67;91;stalIdentificatiePandBAG;170529;462824;5236;10.7;0.9;4.0;170527;462824;E2.11.2.2;E7.10;33318;65;0.2;;opmerking;2022-01-13T03:17:10.148Z
1101;naamOverheid;ADRES;1-1-1990;7275;107.0;23.2;5.0;97;stalIdentificatiePandBAG;170537;462636;8034;8.0;2.12;3.43;170550;462692;E2.11.2.2;Overig;18090;65;0.52;Combinatie van strooiselschuiven (E 7.10) en droogfilterwand (E 7.4).;opmerking;2022-01-13T03:17:10.148Z
1108;naamOverheid;ADRES;1-1-1990;4822;72.75;64.44;3.0;28;stalIdentificatiePandBAG;175227;463290;5253;1.5;0.5;0.4;175266;463370;E2.11.1;;20460;65;;;opmerking;2022-01-13T03:17:10.153Z
1108;naamOverheid;ADRES;1-1-1990;4822;72.75;64.44;3.0;28;stalIdentificatiePandBAG;175227;463290;5254;1.5;0.5;0.4;175275;463351;E2.11.1;;19035;65;;;opmerking;2022-01-13T03:17:10.153Z
1108;naamOverheid;ADRES;1-1-1990;4822;72.75;64.44;3.0;28;stalIdentificatiePandBAG;175227;463290;5255;1.5;0.5;0.4;175286;463334;E2.11.1;;14704;65;;;opmerking;2022-01-13T03:17:10.153Z
1117;naamOverheid;ADRES;1-1-1990;4858;123.4;26.9;6.5;98;stalIdentificatiePandBAG;176292;461066;5302;3.5;4.3;0.4;176280;461101;E2.11.2.2;Overig;52000;65;0.45;strooiselschuiven en warmtewisselaar 31%;opmerking;2022-01-13T03:17:10.156Z
1125;naamOverheid;ADRES;1-1-1990;5172;95.0;22.86;7.4;37;stalIdentificatiePandBAG;175426;463644;5658;7.5;4.67;0.4;175466;463673;E2.11.1;E6.4.1;48000;65;0.3;;opmerking;2022-01-13T03:17:10.159Z
1139;naamOverheid;ADRES;1-1-1990;4966;82.2;22.84;7.1;176;stalIdentificatiePandBAG;165020;460150;5411;7.0;0.5;4.0;165021;460149;E2.11.2.1;E7.10;24000;65;0.2;;opmerking;2022-01-13T03:17:10.248Z
1139;naamOverheid;ADRES;1-1-1990;4967;73.2;16.6;7.1;176;stalIdentificatiePandBAG;165029;460122;5412;1.5;0.5;0.4;164993;460116;E2.11.1;E7.10;22000;65;0.2;;opmerking;2022-01-13T03:17:10.248Z
1142;naamOverheid;ADRES;1-1-1990;4970;65.54;17.54;4.18;1;stalIdentificatiePandBAG;175047;466372;5415;1.5;0.5;0.4;175080;466372;E1.8.2;;43390;23;;;opmerking;2022-01-13T03:17:10.252Z
1142;naamOverheid;ADRES;1-1-1990;4972;65.54;17.54;4.67;1;stalIdentificatiePandBAG;175047;466345;5419;5.65;0.5;4.0;175080;466344;E1.8.2;;43390;23;;;opmerking;2022-01-13T03:17:10.252Z
1142;naamOverheid;ADRES;1-1-1990;4975;65.54;17.54;4.18;1;stalIdentificatiePandBAG;175047;466321;5421;5.65;0.5;4.0;175080;466321;E1.8.2;;43390;23;;;opmerking;2022-01-13T03:17:10.252Z
1149;naamOverheid;ADRES;1-1-1990;4989;60.0;24.75;3.95;171;stalIdentificatiePandBAG;165309;458861;5437;3.59;2.49;0.4;165309;458861;E1.4;;22000;2;;;opmerking;2022-01-13T03:17:10.256Z
1149;naamOverheid;ADRES;1-1-1990;4991;60.0;25.0;4.75;171;stalIdentificatiePandBAG;165312;458890;5439;3.56;0.5;0.4;165295;458893;E1.14;;35000;30;;;opmerking;2022-01-13T03:17:10.256Z
1149;naamOverheid;ADRES;1-1-1990;4992;57.99;16.05;3.79;171;stalIdentificatiePandBAG;165319;458937;5442;3.97;0.5;0.4;165309;458939;E1.14;;21000;30;;;opmerking;2022-01-13T03:17:10.256Z
1149;naamOverheid;ADRES;1-1-1990;4993;54.3;16.1;3.79;171;stalIdentificatiePandBAG;165320;458959;5443;4.13;0.5;0.4;165311;458961;E1.14;;20000;30;;;opmerking;2022-01-13T03:17:10.256Z
1151;naamOverheid;ADRES;1-1-1990;5200;75.6;23.0;5.09;87;stalIdentificatiePandBAG;171787;462211;5689;4.57;2.55;0.4;171793;462197;E2.11.2.1;E7.6;22500;65;0.31;;opmerking;2022-01-13T03:17:10.260Z
1151;naamOverheid;ADRES;1-1-1990;5205;64.1;22.8;4.5;87;stalIdentificatiePandBAG;171811;462213;5692;1.4;2.41;0.4;171815;462180;E2.11.2.1;;18500;65;;;opmerking;2022-01-13T03:17:10.260Z
1151;naamOverheid;ADRES;1-1-1990;5209;50.54;17.53;3.3;87;stalIdentificatiePandBAG;171849;462220;5696;1.3;1.8;0.4;171847;462203;E2.5.5;;10116;23;;;opmerking;2022-01-13T03:17:10.260Z
1155;naamOverheid;ADRES;1-1-1990;5002;42.2;20.54;5.5;22;stalIdentificatiePandBAG;172002;463545;5455;1.0;1.51;0.4;172022;463553;E2.7;;5580;84;;;opmerking;2022-01-13T03:17:10.348Z
1155;naamOverheid;ADRES;1-1-1990;5003;79.3;16.0;4.4;22;stalIdentificatiePandBAG;171973;463565;5456;1.0;1.73;0.4;172012;463580;E2.9.1;;9500;84;;;opmerking;2022-01-13T03:17:10.348Z
1155;naamOverheid;ADRES;1-1-1990;5004;101.3;19.2;3.9;22;stalIdentificatiePandBAG;172010;463517;5457;2.3;3.26;0.4;172044;463532;E2.11.2.1;;24430;65;;;opmerking;2022-01-13T03:17:10.348Z
1157;naamOverheid;ADRES;1-1-1990;5007;80.0;24.0;5.3;135;stalIdentificatiePandBAG;174337;461148;5462;6.7;2.9;2.84;174358;461111;E2.11.2.1;;29860;65;;;opmerking;2022-01-13T03:17:10.353Z
1157;naamOverheid;ADRES;1-1-1990;5008;62.0;18.0;4.0;135;stalIdentificatiePandBAG;174320;461124;5463;1.5;1.75;0.4;174338;461095;E2.11.1;;13293;65;;;opmerking;2022-01-13T03:17:10.353Z
1163;naamOverheid;ADRES;1-1-1990;5022;93.0;25.6;8.0;30;stalIdentificatiePandBAG;164557;464627;5479;6.2;1.13;5.31;164557;464627;E2.11.2.1;E7.10;8000;65;0.2;;opmerking;2022-01-13T03:17:10.356Z
1163;naamOverheid;ADRES;1-1-1990;5022;93.0;25.6;8.0;30;stalIdentificatiePandBAG;164557;464627;5481;6.2;1.6;3.98;164599;464651;E2.11.2.1;Overig;12000;65;0.44;Combinatie van stroiselschuiven (E7.10) en warmtewisselaar (E7.6). Volgens schema van ASG 44% reductie;opmerking;2022-01-13T03:17:10.356Z
1163;naamOverheid;ADRES;1-1-1990;5024;58.0;22.0;4.05;30;stalIdentificatiePandBAG;164612;464623;5482;6.0;0.8;4.0;164610;464624;E2.11.2.1;E7.10;15515;65;0.2;;opmerking;2022-01-13T03:17:10.356Z
1163;naamOverheid;ADRES;1-1-1990;5025;68.55;23.24;3.91;41;stalIdentificatiePandBAG;164641;464559;5483;5.2;0.8;4.0;164641;464559;E1.14;;25500;30;;;opmerking;2022-01-13T03:17:10.356Z
1164;naamOverheid;ADRES;1-1-1990;5026;71.0;62.75;7.28;21;stalIdentificatiePandBAG;173303;463675;5494;1.5;0.5;0.4;173262;463685;E1.8.1;;120000;23;;;opmerking;2022-01-13T03:17:10.360Z
1166;naamOverheid;ADRES;1-1-1990;5189;74.28;46.73;3.5;165;stalIdentificatiePandBAG;165171;461231;5672;5.1;0.8;4.0;165178;461222;E2.11.2.1;;20489;65;;;opmerking;2022-01-13T03:17:10.363Z
1166;naamOverheid;ADRES;1-1-1990;5189;74.28;46.73;3.5;165;stalIdentificatiePandBAG;165171;461231;5673;5.1;0.8;4.0;165182;461235;E2.11.2.1;;20783;65;;;opmerking;2022-01-13T03:17:10.363Z
1170;naamOverheid;ADRES;1-1-1990;5033;79.1;17.6;3.83;163;stalIdentificatiePandBAG;163176;459417;5499;6.56;0.9;4.0;163176;459417;E2.11.2.1;E7.10;12000;65;0.2;;opmerking;2022-01-13T03:17:10.366Z
1170;naamOverheid;ADRES;1-1-1990;5035;82.9;22.0;4.08;73;stalIdentificatiePandBAG;163114;459397;5500;7.2;0.9;4.0;163114;459397;E2.11.2.1;E7.10;15300;65;0.2;;opmerking;2022-01-13T03:17:10.366Z
1170;naamOverheid;ADRES;1-1-1990;5036;70.0;22.9;4.15;163;stalIdentificatiePandBAG;163078;459440;5502;7.0;0.9;4.0;163078;459440;E2.11.2.1;Overig;12675;65;0.52;"Combinatie van strooiselschuif (E7.10; 20%) en droogfilterwant (E7.4; 40%)";opmerking;2022-01-13T03:17:10.366Z
1171;naamOverheid;ADRES;1-1-1990;5039;110.0;35.4;3.5;2;stalIdentificatiePandBAG;171875;461499;5506;5.1;0.8;4.0;171875;461499;E2.11.3;Overig;25846;65;0.45;combinatie van strooiselschuiven (20*) en warmtewisselaar (31%);opmerking;2022-01-13T03:17:10.452Z
1171;naamOverheid;ADRES;1-1-1990;5042;110.0;19.6;5.2;2;stalIdentificatiePandBAG;171873;461533;5507;5.0;0.8;4.0;171873;461533;E2.11.3;Overig;14144;65;0.45;combinatie van strooiselschuiven (20%) en warmtewisselaar (31%).;opmerking;2022-01-13T03:17:10.452Z
1174;naamOverheid;ADRES;1-1-1990;5048;52.0;36.0;7.4;0;stalIdentificatiePandBAG;172992;463005;5514;3.1;1.12;0.4;173019;463007;E2.11.3;Overig;39900;65;0.44;"combinatie van strooiselschuiven (E7.10; 20%) en warmtewisselaar (E7.6; 31%). percentage volgens schema ASG.";opmerking;2022-01-13T03:17:10.455Z
1267;naamOverheid;ADRES;1-1-1990;5428;85.0;19.5;4.0;114;stalIdentificatiePandBAG;171058;462694;5942;6.0;0.8;4.0;171060;462696;E2.11.1;;17500;65;;;opmerking;2022-01-13T03:17:10.458Z
1271;naamOverheid;ADRES;1-1-1990;5436;68.3;20.0;5.1;90;stalIdentificatiePandBAG;173542;463320;5950;7.2;0.5;4.0;173542;463320;E2.7;;8466;84;;;opmerking;2022-01-13T03:17:10.461Z
1271;naamOverheid;ADRES;1-1-1990;5437;49.9;20.0;5.1;0;stalIdentificatiePandBAG;173485;463282;5951;1.5;0.5;0.4;173485;463282;E2.7;;8000;84;;;opmerking;2022-01-13T03:17:10.461Z
1271;naamOverheid;ADRES;1-1-1990;5438;49.9;18.0;4.75;0;stalIdentificatiePandBAG;173486;463310;5952;1.5;0.5;0.4;173486;463310;E2.7;;7900;84;;;opmerking;2022-01-13T03:17:10.461Z
1271;naamOverheid;ADRES;1-1-1990;5441;40.0;12.0;3.8;0;stalIdentificatiePandBAG;173502;463336;5954;1.5;0.5;0.4;173502;463336;E2.7;;3790;84;;;opmerking;2022-01-13T03:17:10.461Z
1271;naamOverheid;ADRES;1-1-1990;5442;40.0;9.0;3.0;0;stalIdentificatiePandBAG;173502;463352;5956;1.5;0.5;0.4;173502;463352;E2.7;;2170;84;;;opmerking;2022-01-13T03:17:10.461Z
1277;naamOverheid;ADRES;1-1-1990;5469;81.0;16.0;3.47;95;stalIdentificatiePandBAG;166478;460530;5988;5.6;1.59;2.09;166474;460567;E2.9.1;;15000;84;;;opmerking;2022-01-13T03:17:10.465Z
1277;naamOverheid;ADRES;1-1-1990;5471;81.0;16.0;3.47;95;stalIdentificatiePandBAG;166456;460528;5990;5.6;1.59;2.09;166452;460565;E2.9.1;;15000;84;;;opmerking;2022-01-13T03:17:10.465Z
1302;naamOverheid;ADRES;1-1-1990;5552;102.35;24.04;3.41;44;stalIdentificatiePandBAG;176056;461603;6083;4.15;0.5;0.4;176037;461619;E2.11.2.1;;32000;65;;;opmerking;2022-01-13T03:17:10.552Z
1302;naamOverheid;ADRES;1-1-1990;5555;52.0;14.5;3.3;57;stalIdentificatiePandBAG;176085;461584;6085;1.5;0.5;0.4;176085;461584;E2.7;;5000;84;;;opmerking;2022-01-13T03:17:10.552Z
1308;naamOverheid;ADRES;1-1-1990;5577;82.0;19.57;3.75;20;stalIdentificatiePandBAG;173978;465047;6106;5.5;0.8;4.0;173977;465045;E2.11.1;;20400;65;;;opmerking;2022-01-13T03:17:10.555Z
1308;naamOverheid;ADRES;1-1-1990;5578;70.0;19.57;3.76;20;stalIdentificatiePandBAG;173991;465024;6107;5.6;0.8;4.0;173991;465025;E2.11.2.1;;18000;65;;;opmerking;2022-01-13T03:17:10.555Z
1361;naamOverheid;ADRES;1-1-1990;5741;123.5;35.74;4.0;28;stalIdentificatiePandBAG;168912;465442;6291;4.79;0.8;4.0;168876;465413;E1.7;;15500;30;;;opmerking;2022-01-13T03:17:10.558Z
1361;naamOverheid;ADRES;1-1-1990;5741;123.5;35.74;4.0;28;stalIdentificatiePandBAG;168912;465442;6298;4.25;2.8;0.4;168894;465417;E1.14;;34465;30;;;opmerking;2022-01-13T03:17:10.558Z
1361;naamOverheid;ADRES;1-1-1990;5741;123.5;35.74;4.0;28;stalIdentificatiePandBAG;168912;465442;6301;5.0;0.8;4.0;168916;465458;E1.14;;24000;30;;;opmerking;2022-01-13T03:17:10.558Z
1403;naamOverheid;ADRES;1-1-1990;6086;57.0;13.0;3.39;28;stalIdentificatiePandBAG;172696;460412;6657;1.5;0.5;0.4;172696;460412;E2.9.1;;5700;84;;;opmerking;2022-01-13T03:17:10.561Z
1403;naamOverheid;ADRES;1-1-1990;6087;89.7;23.5;4.43;23;stalIdentificatiePandBAG;172696;460379;6658;7.12;0.7;4.0;172696;460379;E2.11.1;;24000;65;;;opmerking;2022-01-13T03:17:10.561Z
1466;naamOverheid;ADRES;1-1-1990;6194;135.58;15.08;4.83;64;stalIdentificatiePandBAG;173229;466349;6777;6.2;0.8;4.0;173233;466364;E2.11.2.1;;15000;65;;;opmerking;2022-01-13T03:17:10.652Z
1466;naamOverheid;ADRES;1-1-1990;6195;110.0;15.08;4.83;154;stalIdentificatiePandBAG;173157;466316;6778;6.2;0.8;4.0;173157;466319;E2.11.2.1;;15000;65;;;opmerking;2022-01-13T03:17:10.652Z
1481;naamOverheid;ADRES;1-1-1990;6233;65.0;14.6;4.34;86;stalIdentificatiePandBAG;173989;464201;6820;6.48;0.6;4.0;173989;464201;E2.9.1;;11100;84;;;opmerking;2022-01-13T03:17:10.656Z
1481;naamOverheid;ADRES;1-1-1990;6234;60.8;15.65;4.63;86;stalIdentificatiePandBAG;174020;464197;6821;6.05;0.6;4.0;174020;464197;E2.11.1;;15000;65;;;opmerking;2022-01-13T03:17:10.656Z
1595;naamOverheid;ADRES;1-1-1990;6754;136.2;34.0;6.75;101;stalIdentificatiePandBAG;164722;460581;7466;9.85;2.56;4.0;164715;460579;E2.11.3;Overig;40000;65;0.44;combinatie van strooiselschuiven (E7.10) en een 31%-warmtewisselaar (E7.6).;opmerking;2022-01-13T03:17:10.659Z
1692;naamOverheid;ADRES;1-1-1990;7250;96.0;23.1;4.4;173;stalIdentificatiePandBAG;167576;464781;8003;5.6;2.71;3.25;167526;464785;E2.11.1;E7.10;28000;65;0.2;;opmerking;2022-01-13T03:17:10.662Z
1703;naamOverheid;ADRES;1-1-1990;7290;68.9;21.7;4.9;169;stalIdentificatiePandBAG;165403;463694;8053;4.9;0.92;4.0;165403;463694;E2.11.2.1;E7.10;20000;65;0.2;;opmerking;2022-01-13T03:17:10.748Z
1703;naamOverheid;ADRES;1-1-1990;7291;45.8;20.7;3.25;175;stalIdentificatiePandBAG;165409;463667;8054;1.5;0.5;0.4;165409;463656;E2.11.1;;8000;65;;;opmerking;2022-01-13T03:17:10.748Z
1775;naamOverheid;ADRES;1-1-1990;7674;65.54;17.54;4.2;1;stalIdentificatiePandBAG;175045;466373;8493;2.5;5.3;0.4;175071;466373;E1.8.2;E7.6;43390;23;0.31;;opmerking;2022-01-13T03:17:10.753Z
1775;naamOverheid;ADRES;1-1-1990;7675;65.54;17.54;4.2;1;stalIdentificatiePandBAG;175046;466346;8494;6.5;0.5;4.0;175046;466346;E1.8.2;E7.6;43390;23;0.31;;opmerking;2022-01-13T03:17:10.753Z
1775;naamOverheid;ADRES;1-1-1990;7676;65.54;25.07;5.4;1;stalIdentificatiePandBAG;175046;466320;8495;2.5;5.3;0.4;175071;466318;E1.8.2;E7.12;39990;23;0.5;geen opmerking;opmerking;2022-01-13T03:17:10.753Z
1775;naamOverheid;ADRES;1-1-1990;7676;65.54;25.07;5.4;1;stalIdentificatiePandBAG;175046;466320;8495;2.5;5.3;0.4;175071;466318;E2.11.1;E7.6;43390;23;0.31;testopmerking;opmerking;2022-01-13T03:17:10.753Z
